accuracy,precision,recall,f1_score,roc_auc
0.8041163946061036,0.653125,0.5588235294117647,0.6023054755043228,0.8417525640032034
